{
  "Covid Vaccination": {
    "shot": 15.05149978319906,
    "booster": 10.20599913279624,
    "pfizer": 9.030899869919436,
    "vax": 7.66743718090106,
    "dose": 7.224719895935548,
    "jab": 6.622659904607587,
    "approved": 5.418539921951661,
    "risk": 5.111624787267373,
    "moderna": 4.816479930623699,
    "mrna": 4.515449934959718
  },
  "Covid Spread": {
    "analytics": 7.224719895935548,
    "florida": 3.612359947967774,
    "total": 3.612359947967774,
    "county": 3.612359947967774,
    "residents": 3.010299956639812,
    "data": 3.010299956639812,
    "deaths": 2.7486522053825984,
    "team": 2.4082399653118496,
    "reporting": 2.4082399653118496,
    "publichealth": 2.4082399653118496
  },
  "Covid Precautions": {
    "masks": 2.4494397918710975,
    "panel": 2.4082399653118496,
    "pill": 2.1298436613614053,
    "status": 1.7038749290891244,
    "mask": 1.3743261026912992,
    "event": 1.2779061968168433,
    "medicine": 1.2779061968168433,
    "believe": 1.2247198959355488,
    "wear": 1.2041199826559248,
    "mandates": 1.2041199826559248
  },
  "Covid Restrictions": {
    "isolate": 4.515449934959718,
    "japan": 1.7038749290891244,
    "ottawa": 1.7038749290891244,
    "rules": 1.505149978319906,
    "pcr": 1.2779061968168433,
    "demand": 1.2779061968168433,
    "testing": 1.2493873660829993,
    "restrictions": 1.2247198959355488,
    "quarantine": 1.2247198959355488,
    "schools": 1.2041199826559248
  },
  "Covid Variant Types": {
    "strain": 4.816479930623699,
    "variant": 3.885460447505011,
    "delta": 2.9817811259059677,
    "name": 2.1298436613614053,
    "north": 1.806179973983887,
    "confirmed": 1.4288398785914735,
    "ottawa": 1.2779061968168433,
    "risk": 1.2779061968168433,
    "isolated": 1.2779061968168433,
    "jabs": 1.2779061968168433
  },
  "Post Covid Life": {
    "party": 1.806179973983887,
    "november": 1.806179973983887,
    "half": 0.9030899869919435,
    "contagious": 0.8519374645445622,
    "house": 0.8519374645445622,
    "lost": 0.7496324196497997,
    "hard": 0.6123599479677744,
    "please": 0.6123599479677744,
    "played": 0.6123599479677744,
    "friends": 0.6020599913279624
  },
  "Covid and Society": {
    "lebron": 5.418539921951662,
    "hit": 3.010299956639812,
    "supply": 2.4082399653118496,
    "million": 2.4082399653118496,
    "bad": 2.4082399653118496,
    "americans": 2.1298436613614053,
    "died": 2.041199826559248,
    "hope": 1.806179973983887,
    "offer": 1.806179973983887,
    "fauci": 1.806179973983887
  },
  "Covid and Politics": {
    "trump": 2.857679757182947,
    "healthcare": 2.1298436613614053,
    "workers": 2.1072099696478683,
    "judge": 1.806179973983887,
    "count": 1.806179973983887,
    "democrats": 1.7038749290891244,
    "national": 1.7038749290891244,
    "republicans": 1.505149978319906,
    "political": 1.2779061968168433,
    "administration": 1.2779061968168433
  }
}